{
  "indexes": [
    { "v": { "$numberInt": "2" }, "key": { "_id": { "$numberInt": "1" } }, "name": "_id_" },
    {
      "v": { "$numberInt": "2" },
      "unique": true,
      "key": { "uid": { "$numberInt": "1" }, "evid": { "$numberInt": "1" } },
      "name": "uid_1_evid_1",
      "background": true
    },
    {
      "v": { "$numberInt": "2" },
      "unique": true,
      "key": { "uid": { "$numberInt": "1" }, "evid": { "$numberInt": "1" }, "votes.pid": { "$numberInt": "1" } },
      "name": "uid_1_evid_1_votes.pid_1",
      "background": true
    }
  ],
  "uuid": "73ac01be954d472e942050b3507b9dde",
  "collectionName": "votes",
  "type": "collection"
}
