{
  "indexes": [
    { "v": { "$numberInt": "2" }, "key": { "_id": { "$numberInt": "1" } }, "name": "_id_" },
    {
      "v": { "$numberInt": "2" },
      "unique": true,
      "key": { "email": { "$numberInt": "1" } },
      "name": "email_1",
      "sparse": true,
      "background": true
    },
    {
      "v": { "$numberInt": "2" },
      "unique": true,
      "key": { "studentnumber": { "$numberInt": "1" } },
      "name": "studentnumber_1",
      "background": true,
      "partialFilterExpression": { "__t": "Student" }
    },
    {
      "v": { "$numberInt": "2" },
      "unique": true,
      "key": { "external_id": { "$numberInt": "1" } },
      "name": "external_id_1",
      "sparse": true,
      "background": true
    }
  ],
  "uuid": "93a2e71a6a2544d582730a1b05bb578d",
  "collectionName": "users",
  "type": "collection"
}
