{
  "annotations": {
    "list": [
      {
        "builtIn": 1,
        "datasource": {
          "type": "grafana",
          "uid": "-- Grafana --"
        },
        "enable": true,
        "hide": true,
        "iconColor": "rgba(0, 211, 255, 1)",
        "name": "Annotations & Alerts",
        "target": {
          "limit": 100,
          "matchAny": false,
          "tags": [],
          "type": "dashboard"
        },
        "type": "dashboard"
      }
    ]
  },
  "editable": true,
  "fiscalYearStartMonth": 0,
  "graphTooltip": 0,
  "id": 2,
  "links": [],
  "liveNow": false,
  "panels": [
    {
      "datasource": {
        "type": "prometheus",
        "uid": "QIeKbDVVz"
      },
      "fieldConfig": {
        "defaults": {
          "color": {
            "mode": "thresholds"
          },
          "mappings": [],
          "thresholds": {
            "mode": "absolute",
            "steps": [
              {
                "color": "green",
                "value": null
              },
              {
                "color": "red",
                "value": 0
              },
              {
                "color": "green",
                "value": 1
              }
            ]
          }
        },
        "overrides": []
      },
      "gridPos": {
        "h": 4,
        "w": 6,
        "x": 0,
        "y": 0
      },
      "id": 23,
      "options": {
        "colorMode": "value",
        "graphMode": "area",
        "justifyMode": "auto",
        "orientation": "auto",
        "reduceOptions": {
          "calcs": ["last"],
          "fields": "",
          "values": false
        },
        "textMode": "auto"
      },
      "pluginVersion": "9.1.6",
      "targets": [
        {
          "datasource": {
            "type": "prometheus",
            "uid": "QIeKbDVVz"
          },
          "editorMode": "code",
          "expr": "rabbitmq_queue_consumers { queue=~\"api-.+\" }",
          "legendFormat": "{{queue}}",
          "range": true,
          "refId": "A"
        }
      ],
      "title": "Services connected to RabbitMQ",
      "type": "stat"
    },
    {
      "datasource": {
        "type": "prometheus",
        "uid": "QIeKbDVVz"
      },
      "fieldConfig": {
        "defaults": {
          "color": {
            "mode": "thresholds"
          },
          "mappings": [],
          "thresholds": {
            "mode": "absolute",
            "steps": [
              {
                "color": "green",
                "value": null
              },
              {
                "color": "red",
                "value": 30
              }
            ]
          },
          "unit": "reqps"
        },
        "overrides": []
      },
      "gridPos": {
        "h": 4,
        "w": 6,
        "x": 6,
        "y": 0
      },
      "id": 24,
      "options": {
        "colorMode": "value",
        "graphMode": "area",
        "justifyMode": "auto",
        "orientation": "auto",
        "reduceOptions": {
          "calcs": ["last"],
          "fields": "",
          "values": false
        },
        "textMode": "auto"
      },
      "pluginVersion": "9.1.6",
      "targets": [
        {
          "datasource": {
            "type": "prometheus",
            "uid": "QIeKbDVVz"
          },
          "editorMode": "code",
          "expr": "rate(rabbitmq_queue_messages_published_total{ queue=~\"api-.+\" }[$__rate_interval])",
          "legendFormat": "{{queue}}",
          "range": true,
          "refId": "A"
        }
      ],
      "title": "Messages per channel",
      "type": "stat"
    },
    {
      "datasource": {},
      "description": "",
      "fieldConfig": {
        "defaults": {
          "color": {
            "mode": "thresholds"
          },
          "mappings": [
            {
              "options": {
                "match": "null",
                "result": {
                  "text": "N/A"
                }
              },
              "type": "special"
            }
          ],
          "max": 100,
          "min": 0,
          "thresholds": {
            "mode": "absolute",
            "steps": [
              {
                "color": "rgba(50, 172,45,0.97)",
                "value": null
              },
              {
                "color": "rgba(237,129,40,0.89)",
                "value": 85
              },
              {
                "color": "rgba(245,54,54,0.9)",
                "value": 95
              }
            ]
          },
          "unit": "percent"
        },
        "overrides": []
      },
      "gridPos": {
        "h": 4,
        "w": 6,
        "x": 12,
        "y": 0
      },
      "id": 26,
      "links": [],
      "options": {
        "colorMode": "value",
        "graphMode": "area",
        "justifyMode": "auto",
        "orientation": "horizontal",
        "reduceOptions": {
          "calcs": ["lastNotNull"],
          "fields": "",
          "values": false
        },
        "textMode": "auto"
      },
      "pluginVersion": "9.1.6",
      "targets": [
        {
          "datasource": {
            "type": "prometheus",
            "uid": "fLDBMRC7z"
          },
          "editorMode": "code",
          "exemplar": true,
          "expr": "(((count(count(node_cpu_seconds_total{instance=\"$node\"}) by (cpu))) - avg(sum by (mode)(rate(node_cpu_seconds_total{mode='idle',instance=\"$node\"}[$__rate_interval])))) * 100) / count(count(node_cpu_seconds_total{instance=\"$node\"}) by (cpu))",
          "hide": false,
          "interval": "",
          "intervalFactor": 1,
          "legendFormat": "",
          "range": true,
          "refId": "A",
          "step": 240
        }
      ],
      "title": "CPU Busy",
      "type": "stat"
    },
    {
      "datasource": {
        "type": "prometheus",
        "uid": "QIeKbDVVz"
      },
      "description": "Non available RAM memory",
      "fieldConfig": {
        "defaults": {
          "color": {
            "mode": "thresholds"
          },
          "decimals": 0,
          "mappings": [],
          "max": 100,
          "min": 0,
          "thresholds": {
            "mode": "absolute",
            "steps": [
              {
                "color": "rgba(50, 172, 45, 0.97)",
                "value": null
              },
              {
                "color": "rgba(237, 129, 40, 0.89)",
                "value": 80
              },
              {
                "color": "rgba(245, 54, 54, 0.9)",
                "value": 90
              }
            ]
          },
          "unit": "percent"
        },
        "overrides": []
      },
      "gridPos": {
        "h": 4,
        "w": 6,
        "x": 18,
        "y": 0
      },
      "hideTimeOverride": false,
      "id": 28,
      "links": [],
      "options": {
        "colorMode": "value",
        "graphMode": "area",
        "justifyMode": "auto",
        "orientation": "horizontal",
        "reduceOptions": {
          "calcs": ["lastNotNull"],
          "fields": "",
          "values": false
        },
        "textMode": "auto"
      },
      "pluginVersion": "9.1.6",
      "targets": [
        {
          "datasource": {
            "type": "prometheus",
            "uid": "fLDBMRC7z"
          },
          "editorMode": "code",
          "exemplar": true,
          "expr": "((node_memory_MemTotal_bytes{instance=\"$node\"} - node_memory_MemFree_bytes{instance=\"$node\"}) / (node_memory_MemTotal_bytes{instance=\"$node\"} )) * 100 ",
          "format": "time_series",
          "hide": false,
          "interval": "",
          "intervalFactor": 1,
          "legendFormat": "Used /w cache",
          "range": true,
          "refId": "A",
          "step": 240
        },
        {
          "datasource": {
            "type": "prometheus",
            "uid": "fLDBMRC7z"
          },
          "editorMode": "code",
          "exemplar": true,
          "expr": "100 - ((node_memory_MemAvailable_bytes{instance=\"$node\"} * 100) / node_memory_MemTotal_bytes{instance=\"$node\"})",
          "format": "time_series",
          "hide": false,
          "interval": "",
          "intervalFactor": 1,
          "legendFormat": "Used - cache",
          "range": true,
          "refId": "B",
          "step": 240
        }
      ],
      "title": "RAM Used",
      "type": "stat"
    },
    {
      "datasource": {
        "type": "prometheus",
        "uid": "QIeKbDVVz"
      },
      "fieldConfig": {
        "defaults": {
          "color": {
            "mode": "thresholds"
          },
          "mappings": [
            {
              "options": {
                "null": {
                  "index": 0,
                  "text": "N/A"
                }
              },
              "type": "value"
            }
          ],
          "thresholds": {
            "mode": "absolute",
            "steps": [
              {
                "color": "dark-green",
                "value": null
              },
              {
                "color": "dark-blue",
                "value": 2
              },
              {
                "color": "dark-red",
                "value": 10
              }
            ]
          },
          "unit": "short"
        },
        "overrides": []
      },
      "gridPos": {
        "h": 3,
        "w": 6,
        "x": 0,
        "y": 4
      },
      "id": 30,
      "options": {
        "colorMode": "background",
        "graphMode": "area",
        "justifyMode": "auto",
        "orientation": "horizontal",
        "reduceOptions": {
          "calcs": ["lastNotNull"],
          "fields": "",
          "values": false
        },
        "textMode": "auto"
      },
      "pluginVersion": "9.1.6",
      "targets": [
        {
          "datasource": {
            "type": "prometheus",
            "uid": "fLDBMRC7z"
          },
          "editorMode": "code",
          "exemplar": true,
          "expr": "sum(rabbitmq_queue_messages_unacked * on(instance) group_left(rabbitmq_cluster) rabbitmq_identity_info)",
          "range": true,
          "refId": "A"
        }
      ],
      "title": "RabbitMQ Unacknowledged messages",
      "type": "stat"
    },
    {
      "datasource": {
        "type": "prometheus",
        "uid": "QIeKbDVVz"
      },
      "fieldConfig": {
        "defaults": {
          "color": {
            "mode": "thresholds"
          },
          "mappings": [
            {
              "options": {
                "null": {
                  "index": 0,
                  "text": "N/A"
                }
              },
              "type": "value"
            }
          ],
          "thresholds": {
            "mode": "absolute",
            "steps": [
              {
                "color": "red",
                "value": null
              },
              {
                "color": "blue",
                "value": -1
              },
              {
                "color": "dark-green",
                "value": 50
              }
            ]
          },
          "unit": "short"
        },
        "overrides": []
      },
      "gridPos": {
        "h": 3,
        "w": 6,
        "x": 6,
        "y": 4
      },
      "id": 32,
      "options": {
        "colorMode": "background",
        "graphMode": "area",
        "justifyMode": "auto",
        "orientation": "horizontal",
        "reduceOptions": {
          "calcs": ["lastNotNull"],
          "fields": "",
          "values": false
        },
        "textMode": "auto"
      },
      "pluginVersion": "9.1.6",
      "targets": [
        {
          "datasource": {
            "type": "prometheus",
            "uid": "fLDBMRC7z"
          },
          "editorMode": "code",
          "exemplar": true,
          "expr": "sum(rate(rabbitmq_queue_messages_published_total[$__interval]) * on(instance) group_left(rabbitmq_cluster) rabbitmq_identity_info)",
          "interval": "20s",
          "legendFormat": "",
          "range": true,
          "refId": "A"
        }
      ],
      "title": "RabbitMQ Incomming messages / s",
      "type": "stat"
    },
    {
      "datasource": {
        "type": "prometheus",
        "uid": "QIeKbDVVz"
      },
      "fieldConfig": {
        "defaults": {
          "color": {
            "mode": "thresholds"
          },
          "mappings": [],
          "max": 1.05,
          "min": 0,
          "thresholds": {
            "mode": "absolute",
            "steps": [
              {
                "color": "red",
                "value": null
              },
              {
                "color": "green",
                "value": 0.3
              }
            ]
          },
          "unit": "decbytes"
        },
        "overrides": []
      },
      "gridPos": {
        "h": 3,
        "w": 6,
        "x": 12,
        "y": 4
      },
      "id": 35,
      "options": {
        "colorMode": "value",
        "graphMode": "area",
        "justifyMode": "auto",
        "orientation": "auto",
        "reduceOptions": {
          "calcs": ["last"],
          "fields": "",
          "values": false
        },
        "textMode": "auto"
      },
      "pluginVersion": "9.1.6",
      "targets": [
        {
          "datasource": {
            "type": "prometheus",
            "uid": "QIeKbDVVz"
          },
          "editorMode": "code",
          "expr": "node_filesystem_avail_bytes{ mountpoint=~\"/opt/thesisfair|/\" }",
          "legendFormat": "{{mountpoint}}",
          "range": true,
          "refId": "A"
        }
      ],
      "title": "Free storage",
      "type": "stat"
    },
    {
      "collapsed": false,
      "gridPos": {
        "h": 1,
        "w": 24,
        "x": 0,
        "y": 7
      },
      "id": 17,
      "panels": [],
      "title": "Row title",
      "type": "row"
    },
    {
      "datasource": {
        "type": "prometheus",
        "uid": "QIeKbDVVz"
      },
      "fieldConfig": {
        "defaults": {
          "color": {
            "mode": "palette-classic"
          },
          "custom": {
            "axisCenteredZero": false,
            "axisColorMode": "text",
            "axisLabel": "",
            "axisPlacement": "auto",
            "barAlignment": 0,
            "drawStyle": "line",
            "fillOpacity": 50,
            "gradientMode": "none",
            "hideFrom": {
              "legend": false,
              "tooltip": false,
              "viz": false
            },
            "lineInterpolation": "smooth",
            "lineWidth": 1,
            "pointSize": 5,
            "scaleDistribution": {
              "type": "linear"
            },
            "showPoints": "auto",
            "spanNulls": false,
            "stacking": {
              "group": "A",
              "mode": "none"
            },
            "thresholdsStyle": {
              "mode": "off"
            }
          },
          "mappings": [],
          "thresholds": {
            "mode": "absolute",
            "steps": [
              {
                "color": "green",
                "value": null
              },
              {
                "color": "red",
                "value": 80
              }
            ]
          },
          "unit": "reqps"
        },
        "overrides": []
      },
      "gridPos": {
        "h": 8,
        "w": 12,
        "x": 0,
        "y": 8
      },
      "id": 9,
      "options": {
        "legend": {
          "calcs": ["mean"],
          "displayMode": "list",
          "placement": "bottom",
          "showLegend": true
        },
        "tooltip": {
          "mode": "single",
          "sort": "none"
        }
      },
      "targets": [
        {
          "datasource": {
            "type": "prometheus",
            "uid": "fLDBMRC7z"
          },
          "editorMode": "code",
          "exemplar": true,
          "expr": "sum(rate(traefik_router_requests_total{ router=\"webSec-apiGateway@docker\", code=\"200\" }[$__interval]))",
          "instant": false,
          "interval": "20s",
          "intervalFactor": 1,
          "legendFormat": "{{method}} {{code}}",
          "refId": "A"
        }
      ],
      "title": "Traefik succesfull requests",
      "type": "timeseries"
    },
    {
      "datasource": {
        "type": "prometheus",
        "uid": "QIeKbDVVz"
      },
      "description": "The incoming message rate before any routing rules are applied.\n\nIf this value is lower than the number of messages published to queues, it may indicate that some messages are delivered to more than one queue.\n\nIf this value is higher than the number of messages published to queues, messages cannot be routed and will either be dropped or returned to publishers.\n\n* [Publishers](https://www.rabbitmq.com/publishers.html)",
      "fieldConfig": {
        "defaults": {
          "color": {
            "mode": "palette-classic"
          },
          "custom": {
            "axisCenteredZero": false,
            "axisColorMode": "text",
            "axisLabel": "",
            "axisPlacement": "auto",
            "barAlignment": 0,
            "drawStyle": "line",
            "fillOpacity": 100,
            "gradientMode": "none",
            "hideFrom": {
              "legend": false,
              "tooltip": false,
              "viz": false
            },
            "lineInterpolation": "linear",
            "lineWidth": 1,
            "pointSize": 5,
            "scaleDistribution": {
              "type": "linear"
            },
            "showPoints": "never",
            "spanNulls": false,
            "stacking": {
              "group": "A",
              "mode": "normal"
            },
            "thresholdsStyle": {
              "mode": "off"
            }
          },
          "decimals": 0,
          "links": [],
          "mappings": [],
          "min": 0,
          "thresholds": {
            "mode": "absolute",
            "steps": [
              {
                "color": "green",
                "value": null
              },
              {
                "color": "red",
                "value": 80
              }
            ]
          },
          "unit": "short"
        },
        "overrides": [
          {
            "matcher": {
              "id": "byRegexp",
              "options": "/^rabbit@[a-zA-Z\\.\\-]*?0(\\b|\\.)/"
            },
            "properties": [
              {
                "id": "color",
                "value": {
                  "fixedColor": "#56A64B",
                  "mode": "fixed"
                }
              }
            ]
          },
          {
            "matcher": {
              "id": "byRegexp",
              "options": "/^rabbit@[a-zA-Z\\.\\-]*?1(\\b|\\.)/"
            },
            "properties": [
              {
                "id": "color",
                "value": {
                  "fixedColor": "#F2CC0C",
                  "mode": "fixed"
                }
              }
            ]
          },
          {
            "matcher": {
              "id": "byRegexp",
              "options": "/^rabbit@[a-zA-Z\\.\\-]*?2(\\b|\\.)/"
            },
            "properties": [
              {
                "id": "color",
                "value": {
                  "fixedColor": "#3274D9",
                  "mode": "fixed"
                }
              }
            ]
          },
          {
            "matcher": {
              "id": "byRegexp",
              "options": "/^rabbit@[a-zA-Z\\.\\-]*?3(\\b|\\.)/"
            },
            "properties": [
              {
                "id": "color",
                "value": {
                  "fixedColor": "#A352CC",
                  "mode": "fixed"
                }
              }
            ]
          },
          {
            "matcher": {
              "id": "byRegexp",
              "options": "/^rabbit@[a-zA-Z\\.\\-]*?4(\\b|\\.)/"
            },
            "properties": [
              {
                "id": "color",
                "value": {
                  "fixedColor": "#FF780A",
                  "mode": "fixed"
                }
              }
            ]
          },
          {
            "matcher": {
              "id": "byRegexp",
              "options": "/^rabbit@[a-zA-Z\\.\\-]*?5(\\b|\\.)/"
            },
            "properties": [
              {
                "id": "color",
                "value": {
                  "fixedColor": "#96D98D",
                  "mode": "fixed"
                }
              }
            ]
          },
          {
            "matcher": {
              "id": "byRegexp",
              "options": "/^rabbit@[a-zA-Z\\.\\-]*?6(\\b|\\.)/"
            },
            "properties": [
              {
                "id": "color",
                "value": {
                  "fixedColor": "#FFEE52",
                  "mode": "fixed"
                }
              }
            ]
          },
          {
            "matcher": {
              "id": "byRegexp",
              "options": "/^rabbit@[a-zA-Z\\.\\-]*?7(\\b|\\.)/"
            },
            "properties": [
              {
                "id": "color",
                "value": {
                  "fixedColor": "#8AB8FF",
                  "mode": "fixed"
                }
              }
            ]
          },
          {
            "matcher": {
              "id": "byRegexp",
              "options": "/^rabbit@[a-zA-Z\\.\\-]*?8(\\b|\\.)/"
            },
            "properties": [
              {
                "id": "color",
                "value": {
                  "fixedColor": "#CA95E5",
                  "mode": "fixed"
                }
              }
            ]
          },
          {
            "matcher": {
              "id": "byRegexp",
              "options": "/^rabbit@[a-zA-Z\\.\\-]*?9(\\b|\\.)/"
            },
            "properties": [
              {
                "id": "color",
                "value": {
                  "fixedColor": "#FFB357",
                  "mode": "fixed"
                }
              }
            ]
          }
        ]
      },
      "gridPos": {
        "h": 5,
        "w": 12,
        "x": 12,
        "y": 8
      },
      "id": 4,
      "links": [],
      "options": {
        "legend": {
          "calcs": ["lastNotNull", "max", "min"],
          "displayMode": "list",
          "placement": "bottom",
          "showLegend": false
        },
        "tooltip": {
          "mode": "multi",
          "sort": "desc"
        }
      },
      "pluginVersion": "8.4.4",
      "targets": [
        {
          "datasource": {
            "type": "prometheus",
            "uid": "fLDBMRC7z"
          },
          "editorMode": "code",
          "exemplar": true,
          "expr": "sum(rate(rabbitmq_channel_messages_published_total[$__interval]) * on(instance) group_left(rabbitmq_cluster, rabbitmq_node) rabbitmq_identity_info) by(rabbitmq_node)",
          "format": "time_series",
          "instant": false,
          "interval": "20s",
          "intervalFactor": 1,
          "legendFormat": "RabbitMQ messages published",
          "refId": "A"
        }
      ],
      "title": "Messages published / s",
      "type": "timeseries"
    },
    {
      "datasource": {
        "type": "prometheus",
        "uid": "QIeKbDVVz"
      },
      "description": "Total number of ready messages ready to be delivered to consumers.\n\nAim to keep this value as low as possible. RabbitMQ behaves best when messages are flowing through it. It's OK for publishers to occasionally outpace consumers, but the expectation is that consumers will eventually process all ready messages.\n\nIf this metric keeps increasing, your system will eventually run out of memory and/or disk space. Consider using TTL or Queue Length Limit to prevent unbounded message growth.\n\n* [Queues](https://www.rabbitmq.com/queues.html)\n* [Consumers](https://www.rabbitmq.com/consumers.html)\n* [Queue Length Limit](https://www.rabbitmq.com/maxlength.html)\n* [Time-To-Live and Expiration](https://www.rabbitmq.com/ttl.html)",
      "fieldConfig": {
        "defaults": {
          "color": {
            "mode": "palette-classic"
          },
          "custom": {
            "axisCenteredZero": false,
            "axisColorMode": "text",
            "axisLabel": "",
            "axisPlacement": "auto",
            "barAlignment": 0,
            "drawStyle": "line",
            "fillOpacity": 100,
            "gradientMode": "none",
            "hideFrom": {
              "legend": false,
              "tooltip": false,
              "viz": false
            },
            "lineInterpolation": "linear",
            "lineWidth": 1,
            "pointSize": 5,
            "scaleDistribution": {
              "type": "linear"
            },
            "showPoints": "never",
            "spanNulls": false,
            "stacking": {
              "group": "A",
              "mode": "normal"
            },
            "thresholdsStyle": {
              "mode": "off"
            }
          },
          "decimals": 0,
          "links": [],
          "mappings": [],
          "min": 0,
          "thresholds": {
            "mode": "absolute",
            "steps": [
              {
                "color": "green",
                "value": null
              },
              {
                "color": "red",
                "value": 80
              }
            ]
          },
          "unit": "none"
        },
        "overrides": [
          {
            "matcher": {
              "id": "byRegexp",
              "options": "/^rabbit@[a-zA-Z\\.\\-]*?0(\\b|\\.)/"
            },
            "properties": [
              {
                "id": "color",
                "value": {
                  "fixedColor": "#56A64B",
                  "mode": "fixed"
                }
              }
            ]
          },
          {
            "matcher": {
              "id": "byRegexp",
              "options": "/^rabbit@[a-zA-Z\\.\\-]*?1(\\b|\\.)/"
            },
            "properties": [
              {
                "id": "color",
                "value": {
                  "fixedColor": "#F2CC0C",
                  "mode": "fixed"
                }
              }
            ]
          },
          {
            "matcher": {
              "id": "byRegexp",
              "options": "/^rabbit@[a-zA-Z\\.\\-]*?2(\\b|\\.)/"
            },
            "properties": [
              {
                "id": "color",
                "value": {
                  "fixedColor": "#3274D9",
                  "mode": "fixed"
                }
              }
            ]
          },
          {
            "matcher": {
              "id": "byRegexp",
              "options": "/^rabbit@[a-zA-Z\\.\\-]*?3(\\b|\\.)/"
            },
            "properties": [
              {
                "id": "color",
                "value": {
                  "fixedColor": "#A352CC",
                  "mode": "fixed"
                }
              }
            ]
          },
          {
            "matcher": {
              "id": "byRegexp",
              "options": "/^rabbit@[a-zA-Z\\.\\-]*?4(\\b|\\.)/"
            },
            "properties": [
              {
                "id": "color",
                "value": {
                  "fixedColor": "#FF780A",
                  "mode": "fixed"
                }
              }
            ]
          },
          {
            "matcher": {
              "id": "byRegexp",
              "options": "/^rabbit@[a-zA-Z\\.\\-]*?5(\\b|\\.)/"
            },
            "properties": [
              {
                "id": "color",
                "value": {
                  "fixedColor": "#96D98D",
                  "mode": "fixed"
                }
              }
            ]
          },
          {
            "matcher": {
              "id": "byRegexp",
              "options": "/^rabbit@[a-zA-Z\\.\\-]*?6(\\b|\\.)/"
            },
            "properties": [
              {
                "id": "color",
                "value": {
                  "fixedColor": "#FFEE52",
                  "mode": "fixed"
                }
              }
            ]
          },
          {
            "matcher": {
              "id": "byRegexp",
              "options": "/^rabbit@[a-zA-Z\\.\\-]*?7(\\b|\\.)/"
            },
            "properties": [
              {
                "id": "color",
                "value": {
                  "fixedColor": "#8AB8FF",
                  "mode": "fixed"
                }
              }
            ]
          },
          {
            "matcher": {
              "id": "byRegexp",
              "options": "/^rabbit@[a-zA-Z\\.\\-]*?8(\\b|\\.)/"
            },
            "properties": [
              {
                "id": "color",
                "value": {
                  "fixedColor": "#CA95E5",
                  "mode": "fixed"
                }
              }
            ]
          },
          {
            "matcher": {
              "id": "byRegexp",
              "options": "/^rabbit@[a-zA-Z\\.\\-]*?9(\\b|\\.)/"
            },
            "properties": [
              {
                "id": "color",
                "value": {
                  "fixedColor": "#FFB357",
                  "mode": "fixed"
                }
              }
            ]
          }
        ]
      },
      "gridPos": {
        "h": 5,
        "w": 12,
        "x": 12,
        "y": 13
      },
      "id": 6,
      "links": [],
      "options": {
        "legend": {
          "calcs": ["lastNotNull", "max", "min"],
          "displayMode": "list",
          "placement": "bottom",
          "showLegend": false
        },
        "tooltip": {
          "mode": "multi",
          "sort": "desc"
        }
      },
      "pluginVersion": "8.4.4",
      "targets": [
        {
          "datasource": {
            "type": "prometheus",
            "uid": "fLDBMRC7z"
          },
          "editorMode": "code",
          "exemplar": true,
          "expr": "sum(rabbitmq_queue_messages_ready * on(instance) group_left(rabbitmq_cluster, rabbitmq_node) rabbitmq_identity_info) by(rabbitmq_node)",
          "format": "time_series",
          "instant": false,
          "interval": "",
          "intervalFactor": 1,
          "legendFormat": "RabbitMQ queue size",
          "refId": "A"
        }
      ],
      "title": "Messages ready to be delivered to consumers",
      "type": "timeseries"
    },
    {
      "datasource": {
        "type": "prometheus",
        "uid": "QIeKbDVVz"
      },
      "fieldConfig": {
        "defaults": {
          "color": {
            "mode": "continuous-RdYlGr"
          },
          "custom": {
            "axisCenteredZero": false,
            "axisColorMode": "text",
            "axisLabel": "",
            "axisPlacement": "auto",
            "barAlignment": 0,
            "drawStyle": "bars",
            "fillOpacity": 100,
            "gradientMode": "none",
            "hideFrom": {
              "legend": false,
              "tooltip": false,
              "viz": false
            },
            "lineInterpolation": "smooth",
            "lineWidth": 1,
            "pointSize": 5,
            "scaleDistribution": {
              "type": "linear"
            },
            "showPoints": "auto",
            "spanNulls": false,
            "stacking": {
              "group": "A",
              "mode": "none"
            },
            "thresholdsStyle": {
              "mode": "off"
            }
          },
          "mappings": [],
          "thresholds": {
            "mode": "absolute",
            "steps": [
              {
                "color": "green",
                "value": null
              },
              {
                "color": "red",
                "value": 80
              }
            ]
          },
          "unit": "req"
        },
        "overrides": []
      },
      "gridPos": {
        "h": 5,
        "w": 12,
        "x": 0,
        "y": 16
      },
      "id": 11,
      "options": {
        "legend": {
          "calcs": ["lastNotNull", "sum"],
          "displayMode": "table",
          "placement": "right",
          "showLegend": true
        },
        "tooltip": {
          "mode": "single",
          "sort": "none"
        }
      },
      "targets": [
        {
          "datasource": {
            "type": "prometheus",
            "uid": "fLDBMRC7z"
          },
          "editorMode": "code",
          "exemplar": true,
          "expr": "rate(traefik_router_requests_total{ router=\"webSec-apiGateway@docker\", code!=\"200\", code!=\"302\" }[$__interval])",
          "instant": false,
          "interval": "20s",
          "intervalFactor": 1,
          "legendFormat": "{{method}} {{code}}",
          "refId": "A"
        }
      ],
      "title": "Traefik unsuccesfull requests",
      "type": "timeseries"
    },
    {
      "datasource": {
        "type": "prometheus",
        "uid": "QIeKbDVVz"
      },
      "description": "",
      "fieldConfig": {
        "defaults": {
          "color": {
            "mode": "palette-classic"
          },
          "custom": {
            "axisCenteredZero": false,
            "axisColorMode": "text",
            "axisLabel": "",
            "axisPlacement": "auto",
            "barAlignment": 0,
            "drawStyle": "line",
            "fillOpacity": 100,
            "gradientMode": "none",
            "hideFrom": {
              "legend": false,
              "tooltip": false,
              "viz": false
            },
            "lineInterpolation": "linear",
            "lineWidth": 1,
            "pointSize": 5,
            "scaleDistribution": {
              "type": "linear"
            },
            "showPoints": "auto",
            "spanNulls": false,
            "stacking": {
              "group": "A",
              "mode": "normal"
            },
            "thresholdsStyle": {
              "mode": "off"
            }
          },
          "decimals": 0,
          "links": [],
          "mappings": [],
          "min": 0,
          "thresholds": {
            "mode": "absolute",
            "steps": [
              {
                "color": "green",
                "value": null
              },
              {
                "color": "red",
                "value": 80
              }
            ]
          },
          "unit": "none"
        },
        "overrides": [
          {
            "matcher": {
              "id": "byRegexp",
              "options": "/^rabbit@[a-zA-Z\\.\\-]*?0(\\b|\\.)/"
            },
            "properties": [
              {
                "id": "color",
                "value": {
                  "fixedColor": "#56A64B",
                  "mode": "fixed"
                }
              }
            ]
          },
          {
            "matcher": {
              "id": "byRegexp",
              "options": "/^rabbit@[a-zA-Z\\.\\-]*?1(\\b|\\.)/"
            },
            "properties": [
              {
                "id": "color",
                "value": {
                  "fixedColor": "#F2CC0C",
                  "mode": "fixed"
                }
              }
            ]
          },
          {
            "matcher": {
              "id": "byRegexp",
              "options": "/^rabbit@[a-zA-Z\\.\\-]*?2(\\b|\\.)/"
            },
            "properties": [
              {
                "id": "color",
                "value": {
                  "fixedColor": "#3274D9",
                  "mode": "fixed"
                }
              }
            ]
          },
          {
            "matcher": {
              "id": "byRegexp",
              "options": "/^rabbit@[a-zA-Z\\.\\-]*?3(\\b|\\.)/"
            },
            "properties": [
              {
                "id": "color",
                "value": {
                  "fixedColor": "#A352CC",
                  "mode": "fixed"
                }
              }
            ]
          },
          {
            "matcher": {
              "id": "byRegexp",
              "options": "/^rabbit@[a-zA-Z\\.\\-]*?4(\\b|\\.)/"
            },
            "properties": [
              {
                "id": "color",
                "value": {
                  "fixedColor": "#FF780A",
                  "mode": "fixed"
                }
              }
            ]
          },
          {
            "matcher": {
              "id": "byRegexp",
              "options": "/^rabbit@[a-zA-Z\\.\\-]*?5(\\b|\\.)/"
            },
            "properties": [
              {
                "id": "color",
                "value": {
                  "fixedColor": "#96D98D",
                  "mode": "fixed"
                }
              }
            ]
          },
          {
            "matcher": {
              "id": "byRegexp",
              "options": "/^rabbit@[a-zA-Z\\.\\-]*?6(\\b|\\.)/"
            },
            "properties": [
              {
                "id": "color",
                "value": {
                  "fixedColor": "#FFEE52",
                  "mode": "fixed"
                }
              }
            ]
          },
          {
            "matcher": {
              "id": "byRegexp",
              "options": "/^rabbit@[a-zA-Z\\.\\-]*?7(\\b|\\.)/"
            },
            "properties": [
              {
                "id": "color",
                "value": {
                  "fixedColor": "#8AB8FF",
                  "mode": "fixed"
                }
              }
            ]
          },
          {
            "matcher": {
              "id": "byRegexp",
              "options": "/^rabbit@[a-zA-Z\\.\\-]*?8(\\b|\\.)/"
            },
            "properties": [
              {
                "id": "color",
                "value": {
                  "fixedColor": "#CA95E5",
                  "mode": "fixed"
                }
              }
            ]
          },
          {
            "matcher": {
              "id": "byRegexp",
              "options": "/^rabbit@[a-zA-Z\\.\\-]*?9(\\b|\\.)/"
            },
            "properties": [
              {
                "id": "color",
                "value": {
                  "fixedColor": "#FFB357",
                  "mode": "fixed"
                }
              }
            ]
          }
        ]
      },
      "gridPos": {
        "h": 14,
        "w": 12,
        "x": 12,
        "y": 18
      },
      "id": 33,
      "links": [],
      "options": {
        "legend": {
          "calcs": ["lastNotNull", "max", "min", "mean"],
          "displayMode": "table",
          "placement": "bottom",
          "showLegend": true
        },
        "tooltip": {
          "mode": "multi",
          "sort": "desc"
        }
      },
      "pluginVersion": "8.4.4",
      "targets": [
        {
          "datasource": {
            "type": "prometheus",
            "uid": "fLDBMRC7z"
          },
          "editorMode": "code",
          "exemplar": true,
          "expr": "rabbitmq_queue_messages_unacked {queue=~\"api-.+\"}",
          "format": "time_series",
          "instant": false,
          "interval": "",
          "intervalFactor": 1,
          "legendFormat": "{{queue}}",
          "refId": "A"
        }
      ],
      "title": "RabbitMQ Unacknowledged messages",
      "type": "timeseries"
    },
    {
      "datasource": {
        "type": "prometheus",
        "uid": "QIeKbDVVz"
      },
      "fieldConfig": {
        "defaults": {
          "color": {
            "mode": "palette-classic"
          },
          "custom": {
            "axisCenteredZero": false,
            "axisColorMode": "text",
            "axisLabel": "",
            "axisPlacement": "auto",
            "barAlignment": 0,
            "drawStyle": "line",
            "fillOpacity": 0,
            "gradientMode": "none",
            "hideFrom": {
              "legend": false,
              "tooltip": false,
              "viz": false
            },
            "lineInterpolation": "linear",
            "lineWidth": 1,
            "pointSize": 5,
            "scaleDistribution": {
              "type": "linear"
            },
            "showPoints": "auto",
            "spanNulls": false,
            "stacking": {
              "group": "A",
              "mode": "none"
            },
            "thresholdsStyle": {
              "mode": "off"
            }
          },
          "mappings": [],
          "thresholds": {
            "mode": "absolute",
            "steps": [
              {
                "color": "green",
                "value": null
              },
              {
                "color": "red",
                "value": 0
              },
              {
                "color": "green",
                "value": 1
              }
            ]
          },
          "unit": "short"
        },
        "overrides": []
      },
      "gridPos": {
        "h": 8,
        "w": 12,
        "x": 0,
        "y": 21
      },
      "id": 21,
      "options": {
        "legend": {
          "calcs": [],
          "displayMode": "list",
          "placement": "bottom",
          "showLegend": true
        },
        "tooltip": {
          "mode": "single",
          "sort": "none"
        }
      },
      "targets": [
        {
          "datasource": {
            "type": "prometheus",
            "uid": "QIeKbDVVz"
          },
          "editorMode": "code",
          "exemplar": false,
          "expr": "rabbitmq_queue_consumers { queue=~\"api-.+\" }",
          "instant": false,
          "interval": "",
          "legendFormat": "{{queue}}",
          "range": true,
          "refId": "A"
        }
      ],
      "title": "Rabbit MQ connections",
      "type": "timeseries"
    },
    {
      "collapsed": false,
      "gridPos": {
        "h": 1,
        "w": 24,
        "x": 0,
        "y": 32
      },
      "id": 19,
      "panels": [],
      "title": "Node",
      "type": "row"
    },
    {
      "aliasColors": {
        "Busy": "#EAB839",
        "Busy Iowait": "#890F02",
        "Busy other": "#1F78C1",
        "Idle": "#052B51",
        "Idle - Waiting for something to happen": "#052B51",
        "guest": "#9AC48A",
        "idle": "#052B51",
        "iowait": "#EAB839",
        "irq": "#BF1B00",
        "nice": "#C15C17",
        "softirq": "#E24D42",
        "steal": "#FCE2DE",
        "system": "#508642",
        "user": "#5195CE"
      },
      "bars": false,
      "dashLength": 10,
      "dashes": false,
      "datasource": {},
      "decimals": 2,
      "description": "Basic CPU info",
      "fieldConfig": {
        "defaults": {
          "links": []
        },
        "overrides": []
      },
      "fill": 4,
      "fillGradient": 0,
      "gridPos": {
        "h": 7,
        "w": 12,
        "x": 0,
        "y": 33
      },
      "hiddenSeries": false,
      "id": 2,
      "legend": {
        "alignAsTable": false,
        "avg": false,
        "current": false,
        "max": false,
        "min": false,
        "rightSide": false,
        "show": true,
        "sideWidth": 250,
        "total": false,
        "values": false
      },
      "lines": true,
      "linewidth": 1,
      "links": [],
      "maxPerRow": 6,
      "nullPointMode": "null",
      "options": {
        "alertThreshold": true
      },
      "percentage": true,
      "pluginVersion": "9.1.6",
      "pointradius": 5,
      "points": false,
      "renderer": "flot",
      "seriesOverrides": [
        {
          "$$hashKey": "object:90",
          "alias": "Busy Iowait",
          "color": "#890F02"
        },
        {
          "$$hashKey": "object:91",
          "alias": "Idle",
          "color": "#7EB26D"
        },
        {
          "$$hashKey": "object:92",
          "alias": "Busy System",
          "color": "#EAB839"
        },
        {
          "$$hashKey": "object:93",
          "alias": "Busy User",
          "color": "#0A437C"
        },
        {
          "$$hashKey": "object:94",
          "alias": "Busy Other",
          "color": "#6D1F62"
        }
      ],
      "spaceLength": 10,
      "stack": true,
      "steppedLine": false,
      "targets": [
        {
          "datasource": {
            "type": "prometheus",
            "uid": "fLDBMRC7z"
          },
          "editorMode": "code",
          "exemplar": true,
          "expr": "sum by (instance)(rate(node_cpu_seconds_total{mode=\"system\", instance=\"$node\"}[$__rate_interval])) * 100",
          "format": "time_series",
          "hide": false,
          "interval": "",
          "intervalFactor": 1,
          "legendFormat": "Busy System",
          "range": true,
          "refId": "A",
          "step": 240
        },
        {
          "datasource": {
            "type": "prometheus",
            "uid": "fLDBMRC7z"
          },
          "exemplar": true,
          "expr": "sum by (instance)(rate(node_cpu_seconds_total{mode='user', instance=\"$node\"}[$__rate_interval])) * 100",
          "format": "time_series",
          "hide": false,
          "interval": "",
          "intervalFactor": 1,
          "legendFormat": "Busy User",
          "refId": "B",
          "step": 240
        },
        {
          "datasource": {
            "type": "prometheus",
            "uid": "fLDBMRC7z"
          },
          "exemplar": true,
          "expr": "sum by (instance)(rate(node_cpu_seconds_total{mode='iowait', instance=\"$node\"}[$__rate_interval])) * 100",
          "format": "time_series",
          "interval": "",
          "intervalFactor": 1,
          "legendFormat": "Busy Iowait",
          "refId": "C",
          "step": 240
        },
        {
          "datasource": {
            "type": "prometheus",
            "uid": "fLDBMRC7z"
          },
          "exemplar": true,
          "expr": "sum by (instance)(rate(node_cpu_seconds_total{mode=~\".*irq\", instance=\"$node\"}[$__rate_interval])) * 100",
          "format": "time_series",
          "interval": "",
          "intervalFactor": 1,
          "legendFormat": "Busy IRQs",
          "refId": "D",
          "step": 240
        },
        {
          "datasource": {
            "type": "prometheus",
            "uid": "fLDBMRC7z"
          },
          "exemplar": true,
          "expr": "sum (rate(node_cpu_seconds_total{mode!='idle',mode!='user',mode!='system',mode!='iowait',mode!='irq',mode!='softirq', instance=\"$node\"}[$__rate_interval])) * 100",
          "format": "time_series",
          "interval": "",
          "intervalFactor": 1,
          "legendFormat": "Busy Other",
          "refId": "E",
          "step": 240
        },
        {
          "datasource": {
            "type": "prometheus",
            "uid": "fLDBMRC7z"
          },
          "exemplar": true,
          "expr": "sum by (mode)(rate(node_cpu_seconds_total{mode='idle', instance=\"$node\"}[$__rate_interval])) * 100",
          "format": "time_series",
          "interval": "",
          "intervalFactor": 1,
          "legendFormat": "Idle",
          "refId": "F",
          "step": 240
        }
      ],
      "thresholds": [],
      "timeRegions": [],
      "title": "CPU Basic",
      "tooltip": {
        "shared": true,
        "sort": 0,
        "value_type": "individual"
      },
      "type": "graph",
      "xaxis": {
        "mode": "time",
        "show": true,
        "values": []
      },
      "yaxes": [
        {
          "$$hashKey": "object:123",
          "format": "short",
          "label": "",
          "logBase": 1,
          "max": "100",
          "min": "0",
          "show": true
        },
        {
          "$$hashKey": "object:124",
          "format": "short",
          "logBase": 1,
          "show": false
        }
      ],
      "yaxis": {
        "align": false
      }
    },
    {
      "aliasColors": {
        "receive_packets_eth0": "#7EB26D",
        "receive_packets_lo": "#E24D42",
        "transmit_packets_eth0": "#7EB26D",
        "transmit_packets_lo": "#E24D42"
      },
      "bars": false,
      "dashLength": 10,
      "dashes": false,
      "datasource": {
        "type": "prometheus",
        "uid": "QIeKbDVVz"
      },
      "fieldConfig": {
        "defaults": {
          "links": []
        },
        "overrides": []
      },
      "fill": 4,
      "fillGradient": 0,
      "gridPos": {
        "h": 8,
        "w": 12,
        "x": 12,
        "y": 33
      },
      "hiddenSeries": false,
      "id": 15,
      "legend": {
        "alignAsTable": true,
        "avg": true,
        "current": true,
        "hideEmpty": false,
        "hideZero": false,
        "max": true,
        "min": true,
        "rightSide": false,
        "show": true,
        "total": false,
        "values": true
      },
      "lines": true,
      "linewidth": 1,
      "links": [],
      "nullPointMode": "null",
      "options": {
        "alertThreshold": true
      },
      "percentage": false,
      "pluginVersion": "9.1.6",
      "pointradius": 5,
      "points": false,
      "renderer": "flot",
      "seriesOverrides": [
        {
          "$$hashKey": "object: 5871",
          "alias": "/.*Trans.*/",
          "transform": "negative-Y"
        }
      ],
      "spaceLength": 10,
      "stack": false,
      "steppedLine": false,
      "targets": [
        {
          "datasource": {
            "type": "prometheus",
            "uid": "fLDBMRC7z"
          },
          "editorMode": "code",
          "exemplar": true,
          "expr": "rate(node_network_receive_bytes_total{instance=\"$node\", device=~\"eth.+\"}[$__rate_interval])*8",
          "format": "time_series",
          "interval": "",
          "intervalFactor": 1,
          "legendFormat": "{{device}} - Receive",
          "range": true,
          "refId": "A",
          "step": 240
        },
        {
          "datasource": {
            "type": "prometheus",
            "uid": "fLDBMRC7z"
          },
          "editorMode": "code",
          "exemplar": true,
          "expr": "rate(node_network_transmit_bytes_total{instance=\"$node\", device=~\"eth.+\"}[$__rate_interval])*8",
          "format": "time_series",
          "interval": "",
          "intervalFactor": 1,
          "legendFormat": "{{device}} - Transmit",
          "range": true,
          "refId": "B",
          "step": 240
        }
      ],
      "thresholds": [],
      "timeRegions": [],
      "title": "Network Traffic",
      "tooltip": {
        "shared": true,
        "sort": 0,
        "value_type": "individual"
      },
      "type": "graph",
      "xaxis": {
        "mode": "time",
        "show": true,
        "values": []
      },
      "yaxes": [
        {
          "$$hashKey": "object:5884",
          "format": "bps",
          "label": "bits out (-) / in (+)",
          "logBase": 1,
          "show": true
        },
        {
          "$$hashKey": "object:5885",
          "format": "short",
          "logBase": 1,
          "show": false
        }
      ],
      "yaxis": {
        "align": false
      }
    },
    {
      "aliasColors": {
        "Apps": "#629E51",
        "Buffers": "#614D93",
        "Cache": "#6D1F62",
        "Cached": "#511749",
        "Committed": "#508642",
        "Free": "#0A437C",
        "Hardware Corrupted - Amount of RAM that the kernel identified as corrupted / not working": "#CFFAFF",
        "Inactive": "#584477",
        "PageTables": "#0A50A1",
        "Page_Tables": "#0A50A1",
        "RAM_Free": "#E0F9D7",
        "SWAP Used": "#BF1B00",
        "Slab": "#806EB7",
        "Slab_Cache": "#E0752D",
        "Swap": "#BF1B00",
        "Swap Used": "#BF1B00",
        "Swap_Cache": "#C15C17",
        "Swap_Free": "#2F575E",
        "Unused": "#EAB839"
      },
      "bars": false,
      "dashLength": 10,
      "dashes": false,
      "datasource": {},
      "decimals": 2,
      "description": "Basic memory usage",
      "fieldConfig": {
        "defaults": {
          "links": []
        },
        "overrides": []
      },
      "fill": 4,
      "fillGradient": 0,
      "gridPos": {
        "h": 7,
        "w": 12,
        "x": 0,
        "y": 40
      },
      "hiddenSeries": false,
      "id": 13,
      "legend": {
        "alignAsTable": false,
        "avg": false,
        "current": false,
        "max": false,
        "min": false,
        "rightSide": false,
        "show": true,
        "sideWidth": 350,
        "total": false,
        "values": false
      },
      "lines": true,
      "linewidth": 1,
      "links": [],
      "maxPerRow": 6,
      "nullPointMode": "null",
      "options": {
        "alertThreshold": true
      },
      "percentage": false,
      "pluginVersion": "9.1.6",
      "pointradius": 5,
      "points": false,
      "renderer": "flot",
      "seriesOverrides": [
        {
          "$$hashKey": "object:175",
          "alias": "RAM Total",
          "color": "#E0F9D7",
          "fill": 0,
          "stack": false
        },
        {
          "$$hashKey": "object:176",
          "alias": "RAM Cache + Buffer",
          "color": "#052B51"
        },
        {
          "$$hashKey": "object:177",
          "alias": "RAM Free",
          "color": "#7EB26D"
        },
        {
          "$$hashKey": "object:178",
          "alias": "Avaliable",
          "color": "#DEDAF7",
          "fill": 0,
          "stack": false
        }
      ],
      "spaceLength": 10,
      "stack": true,
      "steppedLine": false,
      "targets": [
        {
          "datasource": {
            "type": "prometheus",
            "uid": "fLDBMRC7z"
          },
          "editorMode": "code",
          "exemplar": true,
          "expr": "node_memory_MemTotal_bytes{instance=\"$node\"}",
          "format": "time_series",
          "hide": false,
          "interval": "",
          "intervalFactor": 1,
          "legendFormat": "RAM Total",
          "range": true,
          "refId": "A",
          "step": 240
        },
        {
          "datasource": {
            "type": "prometheus",
            "uid": "fLDBMRC7z"
          },
          "exemplar": true,
          "expr": "node_memory_MemTotal_bytes{instance=\"$node\"} - node_memory_MemFree_bytes{instance=\"$node\"} - (node_memory_Cached_bytes{instance=\"$node\"} + node_memory_Buffers_bytes{instance=\"$node\"} + node_memory_SReclaimable_bytes{instance=\"$node\"})",
          "format": "time_series",
          "hide": false,
          "interval": "",
          "intervalFactor": 1,
          "legendFormat": "RAM Used",
          "refId": "B",
          "step": 240
        },
        {
          "datasource": {
            "type": "prometheus",
            "uid": "fLDBMRC7z"
          },
          "exemplar": true,
          "expr": "node_memory_Cached_bytes{instance=\"$node\"} + node_memory_Buffers_bytes{instance=\"$node\"} + node_memory_SReclaimable_bytes{instance=\"$node\"}",
          "format": "time_series",
          "interval": "",
          "intervalFactor": 1,
          "legendFormat": "RAM Cache + Buffer",
          "refId": "C",
          "step": 240
        },
        {
          "datasource": {
            "type": "prometheus",
            "uid": "fLDBMRC7z"
          },
          "exemplar": true,
          "expr": "node_memory_MemFree_bytes{instance=\"$node\"}",
          "format": "time_series",
          "interval": "",
          "intervalFactor": 1,
          "legendFormat": "RAM Free",
          "refId": "D",
          "step": 240
        },
        {
          "datasource": {
            "type": "prometheus",
            "uid": "fLDBMRC7z"
          },
          "exemplar": true,
          "expr": "(node_memory_SwapTotal_bytes{instance=\"$node\"} - node_memory_SwapFree_bytes{instance=\"$node\"})",
          "format": "time_series",
          "interval": "",
          "intervalFactor": 1,
          "legendFormat": "SWAP Used",
          "refId": "E",
          "step": 240
        }
      ],
      "thresholds": [],
      "timeRegions": [],
      "title": "Memory Basic",
      "tooltip": {
        "shared": true,
        "sort": 0,
        "value_type": "individual"
      },
      "type": "graph",
      "xaxis": {
        "mode": "time",
        "show": true,
        "values": []
      },
      "yaxes": [
        {
          "$$hashKey": "object: 211",
          "format": "bytes",
          "label": "",
          "logBase": 1,
          "min": "0",
          "show": true
        },
        {
          "$$hashKey": "object: 212",
          "format": "short",
          "logBase": 1,
          "show": false
        }
      ],
      "yaxis": {
        "align": false
      }
    }
  ],
  "refresh": "5s",
  "schemaVersion": 37,
  "style": "dark",
  "tags": [],
  "templating": {
    "list": [
      {
        "current": {
          "selected": false,
          "text": "node-exporter:9100",
          "value": "node-exporter:9100"
        },
        "datasource": {
          "type": "prometheus",
          "uid": "QIeKbDVVz"
        },
        "definition": "label_values(node_uname_info, instance)",
        "hide": 0,
        "includeAll": false,
        "label": "Node",
        "multi": false,
        "name": "node",
        "options": [],
        "query": {
          "query": "label_values(node_uname_info, instance)",
          "refId": "StandardVariableQuery"
        },
        "refresh": 1,
        "regex": "",
        "skipUrlSync": false,
        "sort": 0,
        "type": "query"
      }
    ]
  },
  "time": {
    "from": "now-6h",
    "to": "now"
  },
  "timepicker": {
    "refresh_intervals": ["5s", "10s", "15s", "30s", "1m", "5m", "15m", "30m", "1h", "2h", "1d"]
  },
  "timezone": "",
  "title": "Thesis Fair Platform",
  "uid": "UdDybv44z",
  "version": 8,
  "weekStart": ""
}
